name,score,score_breakdown,matching_analysis,description,recommendation,metadata,analysis_steps,timestamp,file
Maeve Stratton,92,"{'skills_score': 95, 'experience_score': 90, 'education_score': 98, 'certifications_score': 0, 'infra_deployment_score': 90, 'culture_fit_score': 85, 'weights': {'skills_weight': 0.25, 'experience_weight': 0.3, 'education_weight': 0.15, 'certifications_weight': 0.05, 'infra_deployment_weight': 0.1, 'culture_fit_weight': 0.15}}","Maeve Stratton has a strong background in machine learning, with a Ph.D. in Electrical Engineering and Computer Science from MIT and 5+ years of experience in developing and deploying ML solutions. She has a proven track record in anomaly detection, NLP, and computer vision, and has experience with cloud platforms, big data technologies, and DevOps tools. However, she lacks detailed experience with Azure beyond basic familiarity and has limited experience with Java and R in a professional setting.","Maeve Stratton is a highly qualified candidate for the Senior Machine Learning Engineer / Research Scientist role, with a strong background in machine learning and a proven track record in anomaly detection, NLP, and computer vision. She has experience with cloud platforms, big data technologies, and DevOps tools, and is proficient in required programming languages and ML frameworks.","To further improve her candidacy, Maeve Stratton should focus on gaining more experience with Azure and developing her skills in Java and R. Additionally, she should continue to stay up-to-date with the latest developments in machine learning and AI.","{'years_experience': 5, 'seniority': 'senior', 'education_level': 'PhD', 'certifications': [], 'matched_skills': ['Go', 'Python', 'C++', 'TensorFlow', 'PyTorch', 'GCP', 'AWS', 'Azure', 'Apache Spark', 'Hadoop'], 'missing_skills': ['Java', 'R'], 'domain_experience': ['anomaly detection', 'NLP', 'computer vision'], 'cloud_experience': ['GCP', 'AWS', 'Azure'], 'ml_infra_experience': ['Docker', 'Kubernetes', 'Git', 'Linux'], 'vector_db_experience': 'None', 'deployment_pipeline_experience': ['CI/CD', 'Dataflow'], 'leadership_years': 2, 'publications_or_patents': ['two peer-reviewed papers'], 'languages': ['English'], 'location_or_remote': 'Boston, MA (Hybrid)', 'interview_readiness': 'Ready'}","['Reviewed the job description and requirements', ""Evaluated Maeve Stratton's resume and experience"", 'Assessed her skills and qualifications against the job requirements', 'Identified areas of strength and weakness', 'Calculated the weighted score based on the evaluation']",2024-09-16T14:30:00Z,Random_Resume/5.pdf
Finnian Vance,88,"{'skills_score': 92, 'experience_score': 90, 'education_score': 80, 'certifications_score': 0, 'infra_deployment_score': 95, 'culture_fit_score': 85, 'weights': {'skills_weight': 0.25, 'experience_weight': 0.3, 'education_weight': 0.15, 'certifications_weight': 0.05, 'infra_deployment_weight': 0.1, 'culture_fit_weight': 0.15}}","Finnian Vance has a strong background in machine learning, cloud platforms, and big data technologies, with relevant experience in designing and deploying ML solutions. He has a proven track record in natural language processing and computer vision, and has demonstrated leadership and mentorship experience in cross-functional teams. However, he lacks a Ph.D. in Electrical Engineering, Computer Science, or a related field, and has limited programming skills in Go. His experience with Docker, Kubernetes, and Git is present but could be more detailed.","Finnian Vance is a highly accomplished Principal Data Architect with 12+ years of experience in designing, developing, and deploying robust and scalable AI/ML solutions. He has a strong background in cloud platforms, big data technologies, and machine learning frameworks, and has demonstrated leadership and mentorship experience in cross-functional teams. While he lacks a Ph.D. in a related field, his experience and skills make him a strong candidate for the Senior Machine Learning Engineer / Research Scientist role.","To further improve his candidacy, Finnian Vance should consider pursuing a Ph.D. in Electrical Engineering, Computer Science, or a related field, and developing his programming skills in Go. He should also provide more detailed information about his experience with Docker, Kubernetes, and Git, and highlight his ability to bridge the gap between cutting-edge research and practical engineering.","{'years_experience': 12, 'seniority': 'senior', 'education_level': 'MS', 'certifications': [], 'matched_skills': ['PyTorch', 'TensorFlow', 'Scikit-learn', 'GCP', 'AWS', 'Azure', 'Apache Spark', 'Hadoop'], 'missing_skills': ['Go', 'Ph.D. in Electrical Engineering, Computer Science, or related field'], 'domain_experience': ['finance', 'healthcare', 'retail'], 'cloud_experience': ['GCP', 'AWS', 'Azure'], 'ml_infra_experience': ['PyTorch', 'TensorFlow', 'Scikit-learn', 'Hugging Face Transformers'], 'vector_db_experience': 'None', 'deployment_pipeline_experience': ['Docker', 'Kubernetes', 'Git'], 'leadership_years': 5, 'publications_or_patents': [], 'languages': ['C++', 'Java', 'Python', 'R'], 'location_or_remote': 'San Francisco, CA', 'interview_readiness': 'Ready'}","['Reviewed the job description and requirements', ""Analyzed Finnian Vance's resume and experience"", 'Evaluated his skills and qualifications against the job requirements', 'Assessed his strengths and weaknesses as a candidate', 'Provided a recommendation for improvement']",2024-09-16T14:30:00Z,Random_Resume/3.pdf
Caelum Cromwell,72,"{'skills_score': 80, 'experience_score': 85, 'education_score': 70, 'certifications_score': 0, 'infra_deployment_score': 80, 'culture_fit_score': 60, 'weights': {'skills_weight': 0.25, 'experience_weight': 0.3, 'education_weight': 0.15, 'certifications_weight': 0.05, 'infra_deployment_weight': 0.15, 'culture_fit_weight': 0.1}}","Caelum Cromwell has a strong background in computer vision and machine learning, with experience in deep learning frameworks like PyTorch and TensorFlow. He also has a proven track record of deploying ML solutions and publishing research. However, he lacks experience in Natural Language Processing (NLP), anomaly detection, and reinforcement learning, which are key requirements for the role. Additionally, he does not have a Ph.D. in Electrical Engineering, Computer Science, or a related field, which is preferred for the position.","Caelum Cromwell is a highly motivated and results-oriented Computer Vision Specialist with 5+ years of experience in developing and deploying cutting-edge AI/ML solutions. He has a strong background in computer science and artificial intelligence, but lacks experience in some key areas required for the role. With some additional training and experience, he could be a strong fit for the position.","To improve his candidacy, Caelum Cromwell should focus on gaining experience in NLP, anomaly detection, and reinforcement learning. He should also consider pursuing a Ph.D. in Electrical Engineering, Computer Science, or a related field to enhance his qualifications. Additionally, he should highlight his transferable skills and experience in his application and be prepared to discuss how he can adapt to the requirements of the role.","{'years_experience': 5, 'seniority': 'mid', 'education_level': 'MS', 'certifications': [], 'matched_skills': ['Python', 'C++', 'R', 'PyTorch', 'TensorFlow', 'GCP'], 'missing_skills': ['NLP', 'anomaly detection', 'reinforcement learning', 'Go', 'Apache Spark', 'Hadoop'], 'domain_experience': ['computer vision', 'image recognition', 'object detection'], 'cloud_experience': ['GCP'], 'ml_infra_experience': ['Docker', 'Kubernetes'], 'vector_db_experience': 'None', 'deployment_pipeline_experience': ['GCP cloud environment'], 'leadership_years': 2, 'publications_or_patents': ['International Conference on Computer Vision (ICCV)'], 'languages': ['C++', 'Python', 'R', 'Java'], 'location_or_remote': 'London, UK', 'interview_readiness': 'NeedsPrep'}","['Reviewed the job description and requirements', ""Analyzed the candidate's resume and experience"", 'Identified key strengths and weaknesses', ""Assessed the candidate's qualifications and fit for the role""]",2024-09-16T14:30:00Z,Random_Resume/8.pdf
Lyra Pendelton,82,"{'skills_score': 90, 'experience_score': 85, 'education_score': 70, 'certifications_score': 0, 'infra_deployment_score': 80, 'culture_fit_score': 85, 'weights': {'skills_weight': 0.25, 'experience_weight': 0.3, 'education_weight': 0.15, 'certifications_weight': 0.05, 'infra_deployment_weight': 0.1, 'culture_fit_weight': 0.15}}","The candidate has a strong background in machine learning, NLP, and computer vision, with relevant experience in developing and deploying cutting-edge AI/ML solutions. However, the candidate lacks a Ph.D. in Electrical Engineering, Computer Science, or a related field, and has limited experience with big data technologies like Apache Spark, Hadoop, and basic familiarity with Google Cloud Platform (GCP), Azure. The candidate's leadership experience and team management skills are a significant strength.","Lyra Pendelton is a highly accomplished Lead Machine Learning Scientist with 8+ years of experience in developing and deploying cutting-edge AI/ML solutions. She has a strong foundation in software engineering and cloud computing, with expertise in deep learning, NLP, and computer vision. While she lacks a Ph.D. in a related field, her experience and skills make her a strong candidate for the Senior Machine Learning Engineer / Research Scientist role.","To improve her candidacy, Lyra Pendelton should consider pursuing a Ph.D. in Electrical Engineering, Computer Science, or a related field, and gaining experience with big data technologies like Apache Spark, Hadoop, and cloud platforms like Google Cloud Platform (GCP), Azure. Additionally, she should highlight her publication history and research experience in her application.","{'years_experience': 8, 'seniority': 'senior', 'education_level': 'MS', 'certifications': [], 'matched_skills': ['Go', 'Python', 'C++', 'TensorFlow', 'PyTorch', 'AWS', 'NLP', 'computer vision'], 'missing_skills': ['Java', 'R', 'Apache Spark', 'Hadoop', 'Google Cloud Platform (GCP)', 'Azure'], 'domain_experience': ['finance', 'e-commerce', 'manufacturing'], 'cloud_experience': ['AWS'], 'ml_infra_experience': ['TensorFlow', 'PyTorch', 'AWS SageMaker'], 'vector_db_experience': ['None'], 'deployment_pipeline_experience': ['AWS SageMaker'], 'leadership_years': 3, 'publications_or_patents': [], 'languages': ['Python', 'Go', 'C++'], 'location_or_remote': 'Hybrid', 'interview_readiness': 'Ready'}","[""Reviewed the candidate's resume and experience"", ""Matched the candidate's skills with the job requirements"", ""Evaluated the candidate's education and certifications"", ""Assessed the candidate's experience with cloud platforms and big data technologies"", ""Considered the candidate's leadership experience and team management skills""]",2024-09-16T14:30:00Z,Random_Resume/7.pdf
Kaelen Kaelin,82,"{'skills_score': 90, 'experience_score': 95, 'education_score': 80, 'certifications_score': 0, 'infra_deployment_score': 85, 'culture_fit_score': 80, 'weights': {'skills_weight': 0.25, 'experience_weight': 0.3, 'education_weight': 0.15, 'certifications_weight': 0.05, 'infra_deployment_weight': 0.1, 'culture_fit_weight': 0.15}}","Kaelen Kaelin has a strong background in machine learning, natural language processing, and computer vision, with experience in deploying large-scale machine learning models. However, they lack a Ph.D. in Electrical Engineering, Computer Science, or a related field, and have limited experience with Go programming language, Keras, and scikit-learn in a production environment. They also have no published research in top-tier AI/ML conferences or journals.","Kaelen Kaelin is a highly accomplished Principal Data Architect with 12+ years of experience in leading the design, development, and implementation of complex AI/ML solutions. They have a strong background in machine learning, natural language processing, and computer vision, and have experience in deploying large-scale machine learning models. However, they may require additional training or experience in certain areas to fully meet the requirements of the Senior Machine Learning Engineer / Research Scientist role.","To improve their candidacy, Kaelen Kaelin should consider pursuing a Ph.D. in Electrical Engineering, Computer Science, or a related field, and gaining experience with Go programming language, Keras, and scikit-learn in a production environment. They should also focus on publishing research in top-tier AI/ML conferences or journals to demonstrate their expertise and thought leadership in the field.","{'years_experience': 12, 'seniority': 'senior', 'education_level': 'MS', 'certifications': [], 'matched_skills': ['Python', 'TensorFlow', 'PyTorch', 'Azure', 'AWS', 'GCP', 'Hadoop', 'Spark'], 'missing_skills': ['Go', 'Keras', 'scikit-learn'], 'domain_experience': ['finance', 'healthcare', 'retail'], 'cloud_experience': ['Azure', 'AWS', 'GCP'], 'ml_infra_experience': ['Azure Machine Learning', 'Azure Databricks'], 'vector_db_experience': 'None', 'deployment_pipeline_experience': ['Azure DevOps'], 'leadership_years': 5, 'publications_or_patents': [], 'languages': ['Python', 'R', 'C++', 'Java', 'SQL'], 'location_or_remote': 'Boston, MA', 'interview_readiness': 'Ready'}","['Reviewed education and experience to determine relevance to the role', 'Assessed technical skills and certifications to identify strengths and weaknesses', 'Evaluated professional experience and achievements to determine fit for the role', 'Considered metadata such as years of experience, seniority, and education level to inform the evaluation']",2024-09-16T14:30:00Z,Random_Resume/12.pdf
Zara Kaelin,92,"{'skills_score': 95, 'experience_score': 98, 'education_score': 100, 'certifications_score': 0, 'infra_deployment_score': 90, 'culture_fit_score': 95, 'weights': {'skills_weight': 0.25, 'experience_weight': 0.3, 'education_weight': 0.15, 'certifications_weight': 0.05, 'infra_deployment_weight': 0.1, 'culture_fit_weight': 0.15}}","Zara Kaelin's PhD in Computer Science, experience in deep learning, NLP, and computer vision, and strong publication history make her a strong fit for the Senior Machine Learning Engineer/Research Scientist role. However, she lacks experience with the Go programming language, Scikit-learn, and direct experience with Docker and Kubernetes. Her leadership experience and proficiency in relevant programming languages and deep learning frameworks are significant strengths.","Zara Kaelin is a highly qualified candidate with a strong background in machine learning, deep learning, and natural language processing. She has a proven track record of leading teams, managing complex projects, and delivering impactful results. With some additional training in specific skills, she would be an excellent fit for the Senior Machine Learning Engineer/Research Scientist role.","To further enhance her candidacy, Zara Kaelin should consider acquiring experience with the Go programming language, Scikit-learn, and Docker and Kubernetes. Additionally, she may benefit from exploring the company's specific technology stack and researching the latest developments in the field to demonstrate her passion for innovation and staying ahead in the rapidly evolving AI landscape.","{'years_experience': 8, 'seniority': 'senior', 'education_level': 'PhD', 'certifications': [], 'matched_skills': ['Python', 'PyTorch', 'TensorFlow', 'GCP', 'AWS', 'Azure', 'Hadoop', 'Spark', 'SQL', 'NoSQL'], 'missing_skills': ['Go', 'Scikit-learn', 'Docker', 'Kubernetes'], 'domain_experience': ['finance', 'healthcare', 'retail'], 'cloud_experience': ['GCP', 'AWS', 'Azure'], 'ml_infra_experience': ['PyTorch', 'TensorFlow'], 'vector_db_experience': ['None'], 'deployment_pipeline_experience': ['Dataflow'], 'leadership_years': 5, 'publications_or_patents': ['several international conferences and workshops'], 'languages': ['Python', 'R', 'C++', 'Java', 'MATLAB'], 'location_or_remote': 'San Francisco, CA', 'interview_readiness': 'Ready'}","['Reviewed the job description and requirements', ""Analyzed Zara Kaelin's resume and experience"", 'Evaluated her technical skills and education', 'Assessed her leadership experience and publication history', 'Identified areas for improvement and recommended additional training']",2024-09-16T14:30:00Z,Random_Resume/9.pdf
Zara Stratton,87,"{'skills_score': 95, 'experience_score': 90, 'education_score': 100, 'certifications_score': 0, 'infra_deployment_score': 80, 'culture_fit_score': 85, 'weights': {'skills_weight': 0.25, 'experience_weight': 0.3, 'education_weight': 0.15, 'certifications_weight': 0.05, 'infra_deployment_weight': 0.1, 'culture_fit_weight': 0.15}}","Zara Stratton's PhD in Computer Science and 8+ years of experience in machine learning solutions make her a strong candidate. Her expertise in deep learning, natural language processing, and computer vision, as well as her strong programming skills, are well-aligned with the job requirements. However, she lacks published research in top-tier AI/ML conferences or journals and experience with Docker, Kubernetes, and Linux.","Zara Stratton is a highly accomplished Senior AI Engineer with a strong background in machine learning, deep learning, and computer vision. She has a proven track record in anomaly detection, image recognition, and predictive modeling, and her expertise in AWS cloud services and popular ML libraries like Keras and Scikit-learn make her a strong fit for the role. However, she may need to develop her skills in Docker, Kubernetes, and Linux to be fully effective in the position.","To improve her candidacy, Zara Stratton should focus on publishing research in top-tier AI/ML conferences or journals and gaining experience with Docker, Kubernetes, and Linux. Additionally, she may want to consider taking courses or attending workshops to improve her skills in these areas.","{'years_experience': 8, 'seniority': 'senior', 'education_level': 'PhD', 'certifications': [], 'matched_skills': ['machine learning', 'deep learning', 'natural language processing', 'computer vision', 'AWS', 'Keras', 'Scikit-learn'], 'missing_skills': ['Docker', 'Kubernetes', 'Linux', 'published research in top-tier AI/ML conferences or journals'], 'domain_experience': ['finance', 'telecommunications', 'e-commerce'], 'cloud_experience': ['AWS', 'GCP'], 'ml_infra_experience': ['TensorFlow', 'Keras', 'PyTorch', 'Scikit-learn'], 'vector_db_experience': ['None'], 'deployment_pipeline_experience': ['AWS'], 'leadership_years': 4, 'publications_or_patents': [], 'languages': ['C++', 'Java', 'Go', 'Python'], 'location_or_remote': 'Hybrid', 'interview_readiness': 'Ready'}","['Reviewed the job description and requirements', ""Analyzed Zara Stratton's resume and experience"", 'Evaluated her skills and education in relation to the job requirements', 'Identified areas for improvement and recommended actions']",2024-09-16T14:30:00Z,Random_Resume/2.pdf
Maeve Cromwell,87,"{'skills_score': 90, 'experience_score': 95, 'education_score': 100, 'certifications_score': 0, 'infra_deployment_score': 80, 'culture_fit_score': 80, 'weights': {'skills_weight': 0.25, 'experience_weight': 0.3, 'education_weight': 0.15, 'certifications_weight': 0.05, 'infra_deployment_weight': 0.1, 'culture_fit_weight': 0.15}}","Maeve Cromwell's resume demonstrates a strong fit for the Senior Machine Learning Engineer/Research Scientist role, with a PhD in Computer Science from the University of Oxford and 8+ years of experience in AI/ML. Her expertise in machine learning algorithms, deep learning models, and cloud-based AI infrastructure aligns well with the job requirements. However, her resume lacks explicit mention of a strong publication history in top-tier AI/ML conferences or journals, and she does not have experience with the Go programming language, which is a preferred skill.","Maeve Cromwell is a highly accomplished Senior AI Engineer with a strong background in machine learning, deep learning, and natural language processing. She has a proven track record of delivering high-impact results in diverse industries and has experience with cloud-based AI infrastructure. Maeve is a strong fit for the Senior Machine Learning Engineer/Research Scientist role, but may need to develop her skills in certain areas, such as Go programming and publications in top-tier AI/ML conferences or journals.","To further strengthen her application, Maeve should consider developing her skills in Go programming and aim to publish research papers in top-tier AI/ML conferences or journals. Additionally, she should be prepared to discuss her experience with machine learning algorithms, deep learning models, and cloud-based AI infrastructure during the interview process.","{'years_experience': 8, 'seniority': 'senior', 'education_level': 'PhD', 'certifications': [], 'matched_skills': ['Python', 'TensorFlow', 'Keras', 'PyTorch', 'Scikit-learn', 'Cloud Platforms', 'Docker', 'Kubernetes', 'Git'], 'missing_skills': ['Go', 'Java', 'Strong publication history in top-tier AI/ML conferences or journals'], 'domain_experience': ['finance', 'healthcare', 'e-commerce'], 'cloud_experience': ['Azure', 'AWS', 'GCP'], 'ml_infra_experience': ['TensorFlow', 'Keras', 'PyTorch', 'Scikit-learn'], 'vector_db_experience': 'None', 'deployment_pipeline_experience': ['Docker', 'Kubernetes', 'Git'], 'leadership_years': 5, 'publications_or_patents': [], 'languages': ['C++', 'Java', 'Python', 'R', 'SQL'], 'location_or_remote': 'San Francisco, CA', 'interview_readiness': 'Ready'}","[""Reviewed Maeve Cromwell's resume and the job description for the Senior Machine Learning Engineer/Research Scientist role"", 'Assessed her education, experience, and skills to determine her fit for the role', ""Identified areas where Maeve's skills and experience align with the job requirements, as well as areas where she may need to develop her skills further"", 'Evaluated her potential for success in the role based on her background and experience']",2024-09-16T14:30:00Z,Random_Resume/11.pdf
Maeve Huxley,82,"{'skills_score': 90, 'experience_score': 95, 'education_score': 80, 'certifications_score': 0, 'infra_deployment_score': 85, 'culture_fit_score': 80, 'weights': {'skills_weight': 0.25, 'experience_weight': 0.3, 'education_weight': 0.15, 'certifications_weight': 0.05, 'infra_deployment_weight': 0.1, 'culture_fit_weight': 0.15}}","Maeve Huxley's resume demonstrates a strong fit for the Senior Machine Learning Engineer / Research Scientist role, with expertise in machine learning, deep learning, and natural language processing. However, she lacks a Ph.D. in Electrical Engineering, Computer Science, or a related field, and has limited experience with Java, C++, R, SQL, and NoSQL databases. Her experience with AWS and big data technologies is a significant strength.","Maeve Huxley is a highly accomplished Senior AI Engineer with 8+ years of experience in developing and deploying cutting-edge machine learning models. She has a strong publication history in top-tier AI/ML conferences and has led teams to deliver innovative solutions to complex business problems. While she lacks a Ph.D., her Master's degree in Artificial Intelligence and strong technical skills make her a competitive candidate.","To further strengthen her application, Maeve Huxley could consider pursuing a Ph.D. in Electrical Engineering, Computer Science, or a related field, and gaining experience with Java, C++, R, SQL, and NoSQL databases. Additionally, she could explore opportunities to work with Azure and Google Cloud Platform (GCP) to broaden her cloud computing expertise.","{'years_experience': 8, 'seniority': 'senior', 'education_level': 'MS', 'certifications': [], 'matched_skills': ['Go', 'Python', 'TensorFlow', 'Keras', 'PyTorch', 'AWS', 'Spark', 'Hadoop'], 'missing_skills': ['Java', 'C++', 'R', 'SQL', 'NoSQL databases', 'Azure', 'GCP'], 'domain_experience': ['finance', 'healthcare', 'retail'], 'cloud_experience': ['AWS'], 'ml_infra_experience': ['TensorFlow', 'Keras', 'PyTorch', 'SageMaker'], 'vector_db_experience': ['None'], 'deployment_pipeline_experience': ['AWS'], 'leadership_years': 4, 'publications_or_patents': ['NeurIPS', 'ICML'], 'languages': ['Go', 'Python', 'R'], 'location_or_remote': 'Pittsburgh, PA', 'interview_readiness': 'Ready'}","['Reviewed the job description and requirements', ""Analyzed Maeve Huxley's resume and experience"", 'Evaluated her technical skills and education', 'Assessed her publication history and leadership experience', 'Identified areas for improvement and recommended actions']",2024-09-16T14:30:00Z,Random_Resume/6.pdf
Julian Pendelton,82,"{'skills_score': 90, 'experience_score': 95, 'education_score': 80, 'certifications_score': 0, 'infra_deployment_score': 85, 'culture_fit_score': 80, 'weights': {'skills_weight': 0.25, 'experience_weight': 0.3, 'education_weight': 0.15, 'certifications_weight': 0.05, 'infra_deployment_weight': 0.1, 'culture_fit_weight': 0.15}}","Julian Pendelton has a strong background in machine learning, with expertise in designing and deploying ML solutions. He has relevant experience in anomaly detection, and his work on the fraud detection system and customer churn prediction projects demonstrates his ability to apply ML techniques to real-world problems. However, he lacks a Ph.D. in Electrical Engineering, Computer Science, or a related field, and his experience with Google Cloud Platform (GCP) is limited. Additionally, he does not have a publication history in top-tier AI/ML conferences or journals, and his expertise in natural language processing and computer vision is not explicitly stated.","Julian Pendelton is a highly accomplished Principal Data Architect with 12+ years of experience in designing and deploying innovative AI/ML solutions. He has a strong educational background in Computer Science and AI, and his experience with cloud platforms, including Azure and AWS, is a significant asset. However, he may require additional training or experience to fill the gaps in his skills and knowledge.","To improve his candidacy, Julian Pendelton should consider pursuing a Ph.D. in Electrical Engineering, Computer Science, or a related field, and gaining experience with Google Cloud Platform (GCP). He should also focus on publishing his research in top-tier AI/ML conferences or journals, and developing his expertise in natural language processing and computer vision.","{'years_experience': 12, 'seniority': 'senior', 'education_level': 'MS', 'certifications': [], 'matched_skills': ['machine learning', 'deep learning', 'anomaly detection', 'cloud platforms', 'programming languages'], 'missing_skills': ['Ph.D. in Electrical Engineering, Computer Science, or related field', 'Google Cloud Platform (GCP)', 'natural language processing', 'computer vision'], 'domain_experience': ['finance', 'healthcare', 'retail'], 'cloud_experience': ['Azure', 'AWS'], 'ml_infra_experience': ['Azure Databricks', 'Azure Machine Learning'], 'vector_db_experience': 'None', 'deployment_pipeline_experience': ['Azure DevOps'], 'leadership_years': 5, 'publications_or_patents': [], 'languages': ['R', 'Java', 'Go', 'Python'], 'location_or_remote': 'Hybrid', 'interview_readiness': 'Ready'}","['Reviewed the job description and requirements', ""Analyzed the candidate's resume and experience"", ""Evaluated the candidate's skills and knowledge gaps"", ""Assessed the candidate's education and certifications"", ""Considered the candidate's leadership and mentorship experience""]",2024-09-16T14:30:00Z,Random_Resume/4.pdf
Finnian Kaelin,82,"{'skills_score': 90, 'experience_score': 85, 'education_score': 80, 'certifications_score': 0, 'infra_deployment_score': 70, 'culture_fit_score': 80, 'weights': {'skills_weight': 0.25, 'experience_weight': 0.3, 'education_weight': 0.15, 'certifications_weight': 0.05, 'infra_deployment_weight': 0.1, 'culture_fit_weight': 0.15}}","Finnian Kaelin has a strong background in machine learning, with relevant experience in anomaly detection, NLP, and recommendation systems. He has a proven track record in publishing research papers and has leadership and mentorship experience in machine learning teams. However, he lacks a Ph.D. in Electrical Engineering, Computer Science, or a related field, and has limited experience with DevOps tools like Docker and Kubernetes. He also has no experience with the Azure cloud platform.","Finnian Kaelin is a highly skilled machine learning professional with a strong educational background and relevant experience in anomaly detection, NLP, and recommendation systems. He has a proven track record in publishing research papers and has leadership and mentorship experience in machine learning teams. He is a strong fit for the Senior Machine Learning Engineer/Research Scientist role, but may require additional training or experience in certain areas.","Finnian Kaelin should consider pursuing a Ph.D. in Electrical Engineering, Computer Science, or a related field to enhance his qualifications. He should also seek out opportunities to gain experience with DevOps tools like Docker and Kubernetes, and familiarize himself with the Azure cloud platform.","{'years_experience': 2, 'seniority': 'mid', 'education_level': 'MS', 'certifications': [], 'matched_skills': ['machine learning', 'deep learning', 'natural language processing', 'computer vision', 'Python', 'Go', 'Java', 'C++', 'TensorFlow', 'PyTorch', 'Keras', 'scikit-learn'], 'missing_skills': ['Ph.D. in Electrical Engineering, Computer Science, or related field', 'DevOps tools like Docker and Kubernetes', 'Azure cloud platform'], 'domain_experience': ['finance', 'healthcare'], 'cloud_experience': ['GCP', 'AWS'], 'ml_infra_experience': ['TensorFlow', 'PyTorch', 'Keras'], 'vector_db_experience': 'None', 'deployment_pipeline_experience': ['Kubernetes'], 'leadership_years': 1, 'publications_or_patents': ['Reinforcement Learning for Natural Language Generation'], 'languages': ['Python', 'Go', 'Java', 'C++'], 'location_or_remote': 'Pittsburgh, PA', 'interview_readiness': 'Ready'}","[""Reviewed Finnian Kaelin's resume and highlighted relevant experience and skills"", 'Assessed his educational background and publications', 'Evaluated his experience with machine learning frameworks and tools', 'Considered his leadership and mentorship experience', 'Identified areas for improvement and recommended additional training or experience']",2024-09-16T14:30:00Z,Random_Resume/13.pdf
Caelum Pendelton,82,"{'skills_score': 90, 'experience_score': 95, 'education_score': 80, 'certifications_score': 0, 'infra_deployment_score': 85, 'culture_fit_score': 80, 'weights': {'skills_weight': 0.25, 'experience_weight': 0.3, 'education_weight': 0.15, 'certifications_weight': 0.05, 'infra_deployment_weight': 0.1, 'culture_fit_weight': 0.15}}","Caelum Pendelton's resume shows a strong match for the Senior Machine Learning Engineer/Research Scientist role, with relevant experience in deep learning, natural language processing, and computer vision. However, the resume lacks explicit mention of a strong publication history in top-tier AI/ML conferences or journals, and experience with Google Cloud Platform (GCP) and Azure. The candidate's experience with AWS and proficiency in required programming languages are notable strengths.","Caelum Pendelton is a highly accomplished Lead Machine Learning Scientist with 8+ years of experience in developing and deploying cutting-edge AI/ML solutions. He has a strong background in deep learning, natural language processing, and computer vision, and has demonstrated expertise in managing teams and collaborating with cross-functional teams.","To further strengthen his application, Caelum Pendelton should highlight any published research in top-tier AI/ML conferences or journals, and consider acquiring experience with Google Cloud Platform (GCP) and Azure. Additionally, he should be prepared to discuss his experience with Go programming language and provide examples of his ability to bridge the gap between cutting-edge research and practical engineering.","{'years_experience': 8, 'seniority': 'senior', 'education_level': 'MS', 'certifications': [], 'matched_skills': ['Python', 'C++', 'Java', 'PyTorch', 'TensorFlow', 'AWS', 'SQL', 'NoSQL'], 'missing_skills': ['Go', 'GCP', 'Azure'], 'domain_experience': ['finance', 'healthcare', 'retail'], 'cloud_experience': ['AWS'], 'ml_infra_experience': ['SageMaker', 'Lambda'], 'vector_db_experience': 'None', 'deployment_pipeline_experience': ['Git'], 'leadership_years': 3, 'publications_or_patents': [], 'languages': ['Python', 'C++', 'Java', 'R'], 'location_or_remote': 'London, UK', 'interview_readiness': 'Ready'}","['Reviewed the job description and requirements', ""Analyzed Caelum Pendelton's resume for relevant experience and skills"", ""Evaluated the candidate's education background and publication history"", ""Assessed the candidate's proficiency in required programming languages and cloud computing platforms"", 'Identified areas for improvement and recommended actionable steps']",2024-09-16T14:30:00Z,Random_Resume/1.pdf
Seraphina Sterling,92,"{'skills_score': 95, 'experience_score': 98, 'education_score': 100, 'certifications_score': 0, 'infra_deployment_score': 90, 'culture_fit_score': 95, 'weights': {'skills_weight': 0.25, 'experience_weight': 0.3, 'education_weight': 0.15, 'certifications_weight': 0.05, 'infra_deployment_weight': 0.1, 'culture_fit_weight': 0.15}}","The candidate has a strong background in machine learning, with expertise in deep learning, natural language processing, and computer vision. They have a Ph.D. in Electrical Engineering and Computer Science from MIT and 8+ years of experience in machine learning. The candidate has experience with cloud computing platforms such as GCP, AWS, and Azure, and has published research in top-tier AI/ML conferences. However, the candidate is missing experience with the Go programming language and has limited recent experience with Keras and scikit-learn. Additionally, the candidate has basic familiarity with Docker and Kubernetes, but could improve in this area.","Seraphina Sterling is a highly qualified candidate for the Senior Machine Learning Engineer/Research Scientist position, with a strong background in machine learning and a Ph.D. in Electrical Engineering and Computer Science from MIT. They have 8+ years of experience in machine learning and have published research in top-tier AI/ML conferences. The candidate has experience with cloud computing platforms and has led teams in the development and deployment of machine learning solutions.","To further improve, the candidate should focus on gaining experience with the Go programming language and recent experience with Keras and scikit-learn. Additionally, the candidate could benefit from improving their skills in Docker and Kubernetes.","{'years_experience': 8, 'seniority': 'senior', 'education_level': 'PhD', 'certifications': [], 'matched_skills': ['Python', 'TensorFlow', 'PyTorch', 'GCP', 'AWS', 'Azure', 'SQL', 'NoSQL', 'Hadoop', 'Spark'], 'missing_skills': ['Go', 'Docker', 'Kubernetes'], 'domain_experience': ['finance', 'healthcare'], 'cloud_experience': ['GCP', 'AWS', 'Azure'], 'ml_infra_experience': ['TensorFlow', 'PyTorch'], 'vector_db_experience': 'None', 'deployment_pipeline_experience': ['Dataflow'], 'leadership_years': 5, 'publications_or_patents': ['IEEE Robotics and Automation Letters'], 'languages': ['Python', 'R', 'Java', 'C++'], 'location_or_remote': 'Boston, MA (Hybrid)', 'interview_readiness': 'Ready'}","[""Reviewed the candidate's education and experience"", ""Assessed the candidate's technical skills and certifications"", ""Evaluated the candidate's experience with cloud computing platforms and machine learning frameworks"", ""Considered the candidate's leadership experience and publications"", 'Identified areas for improvement, including experience with the Go programming language and Docker/Kubernetes']",2024-09-16T14:30:00Z,Random_Resume/10.pdf
